{"cameraMode":{"drawMode":0,"name":"Shaded","section":"Shading Mode"},"sceneLighting":false,"audioPlay":false,"sceneViewState":{"m_AlwaysRefresh":false,"showFog":false,"showSkybox":false,"showFlares":false,"showImageEffects":false,"showParticleSystems":false,"showVisualEffectGraphs":true,"m_FxEnabled":true},"in2DMode":false,"pivot":{"x":0.00881427526473999,"y":0.8935613632202148,"z":0.010741353034973145},"rotation":{"x":-0.006242645438760519,"y":0.9839581847190857,"z":-0.17479394376277924,"w":-0.035141296684741977},"size":1.2725403308868409,"orthographic":false}